{
    "root_group": {
        "id": "d41d8cd98f00b204e9800998ecf8427e",
        "groups": {},
        "checks": {},
        "name": "",
        "path": ""
    },
    "metrics": {
        "http_req_failed": {
            "fails": 41521,
            "passes": 6,
            "value": 0.00014448431141185253
        },
        "http_req_sending": {
            "max": 44.487,
            "p(90)": 0,
            "p(95)": 0,
            "avg": 0.015098184313819927,
            "min": 0,
            "med": 0
        },
        "data_received": {
            "count": 5812940,
            "rate": 192499.84961311452
        },
        "http_req_duration": {
            "avg": 16.421472454065924,
            "min": 0,
            "med": 13.9323,
            "max": 285.0403,
            "p(90)": 22.84672,
            "p(95)": 28.23753999999996
        },
        "data_sent": {
            "count": 3404722,
            "rate": 112749.9119162528
        },
        "iteration_duration": {
            "min": 200.6642,
            "med": 214.3543,
            "max": 485.4131,
            "p(90)": 223.44394,
            "p(95)": 229.12175,
            "avg": 217.16846995930268
        },
        "http_req_tls_handshaking": {
            "med": 0,
            "max": 0,
            "p(90)": 0,
            "p(95)": 0,
            "avg": 0,
            "min": 0
        },
        "http_reqs": {
            "count": 41527,
            "rate": 1375.1976202891835
        },
        "http_req_blocked": {
            "med": 0,
            "max": 106.2209,
            "p(90)": 0,
            "p(95)": 0,
            "avg": 0.28449379199075275,
            "min": 0
        },
        "http_req_waiting": {
            "min": 0,
            "med": 13.717,
            "max": 285.0403,
            "p(90)": 22.63624,
            "p(95)": 27.984069999999956,
            "avg": 16.17856683844236
        },
        "http_req_duration{expected_response:true}": {
            "med": 13.9332,
            "max": 285.0403,
            "p(90)": 22.8472,
            "p(95)": 28.2415,
            "avg": 16.423845442065357,
            "min": 6.3771
        },
        "vus": {
            "value": 300,
            "min": 300,
            "max": 300
        },
        "iterations": {
            "count": 41527,
            "rate": 1375.1976202891835
        },
        "http_req_receiving": {
            "p(90)": 0.5531,
            "p(95)": 0.7024399999999994,
            "avg": 0.22780743130975134,
            "min": 0,
            "med": 0,
            "max": 41.2924
        },
        "vus_max": {
            "value": 300,
            "min": 300,
            "max": 300
        },
        "http_req_connecting": {
            "med": 0,
            "max": 83.2543,
            "p(90)": 0,
            "p(95)": 0,
            "avg": 0.2799797529318275,
            "min": 0
        }
    }
}