{
    "root_group": {
        "groups": {},
        "checks": {},
        "name": "",
        "path": "",
        "id": "d41d8cd98f00b204e9800998ecf8427e"
    },
    "metrics": {
        "http_req_receiving": {
            "max": 29.2565,
            "p(90)": 0.6008,
            "p(95)": 0.7982199999999997,
            "avg": 0.26795022232963067,
            "min": 0,
            "med": 0
        },
        "http_req_failed": {
            "passes": 0,
            "fails": 20690,
            "value": 0
        },
        "vus": {
            "value": 150,
            "min": 150,
            "max": 150
        },
        "iteration_duration": {
            "avg": 217.97651797969797,
            "min": 206.923,
            "med": 215.98785,
            "max": 376.3977,
            "p(90)": 225.20455,
            "p(95)": 229.212995
        },
        "data_sent": {
            "count": 1696580,
            "rate": 56158.22681860222
        },
        "data_received": {
            "count": 2896600,
            "rate": 95879.89944639403
        },
        "http_req_duration": {
            "max": 126.6409,
            "p(90)": 24.72467,
            "p(95)": 28.718024999999997,
            "avg": 17.37327107298212,
            "min": 6.7281,
            "med": 15.6093
        },
        "http_req_waiting": {
            "min": 6.5531,
            "med": 15.33275,
            "max": 126.5704,
            "p(90)": 24.46460000000001,
            "p(95)": 28.494684999999993,
            "avg": 17.09945941034317
        },
        "http_req_duration{expected_response:true}": {
            "p(90)": 24.72467,
            "p(95)": 28.718024999999997,
            "avg": 17.37327107298212,
            "min": 6.7281,
            "med": 15.6093,
            "max": 126.6409
        },
        "http_req_blocked": {
            "min": 0,
            "med": 0,
            "max": 55.171,
            "p(90)": 0,
            "p(95)": 0,
            "avg": 0.18809620589656834
        },
        "http_req_connecting": {
            "p(95)": 0,
            "avg": 0.18084581923634602,
            "min": 0,
            "med": 0,
            "max": 39.1566,
            "p(90)": 0
        },
        "iterations": {
            "count": 20690,
            "rate": 684.8564246171003
        },
        "vus_max": {
            "max": 150,
            "value": 150,
            "min": 150
        },
        "http_req_sending": {
            "p(95)": 0,
            "avg": 0.005861440309328178,
            "min": 0,
            "med": 0,
            "max": 6.7623,
            "p(90)": 0
        },
        "http_reqs": {
            "count": 20690,
            "rate": 684.8564246171003
        },
        "http_req_tls_handshaking": {
            "max": 0,
            "p(90)": 0,
            "p(95)": 0,
            "avg": 0,
            "min": 0,
            "med": 0
        }
    }
}