{
    "metrics": {
        "http_req_receiving": {
            "p(95)": 0.8548799999999989,
            "avg": 0.27593900570850455,
            "min": 0,
            "med": 0,
            "max": 16.7464,
            "p(90)": 0.6184
        },
        "iteration_duration": {
            "avg": 217.55222221258717,
            "min": 206.8529,
            "med": 216.0448,
            "max": 309.5255,
            "p(90)": 223.43913999999998,
            "p(95)": 227.08863
        },
        "iterations": {
            "count": 13839,
            "rate": 457.93629913162783
        },
        "vus": {
            "value": 100,
            "min": 100,
            "max": 100
        },
        "http_reqs": {
            "rate": 457.93629913162783,
            "count": 13839
        },
        "http_req_duration": {
            "min": 6.5418,
            "med": 15.6294,
            "max": 106.5724,
            "p(90)": 22.803780000000003,
            "p(95)": 26.272689999999997,
            "avg": 16.851388568538216
        },
        "http_req_connecting": {
            "med": 0,
            "max": 35.8634,
            "p(90)": 0,
            "p(95)": 0,
            "avg": 0.1956002890382253,
            "min": 0
        },
        "http_req_sending": {
            "p(95)": 0,
            "avg": 0.00819800563624539,
            "min": 0,
            "med": 0,
            "max": 13.4516,
            "p(90)": 0
        },
        "http_req_failed": {
            "passes": 0,
            "fails": 13839,
            "value": 0
        },
        "http_req_blocked": {
            "avg": 0.20179946527928316,
            "min": 0,
            "med": 0,
            "max": 48.5028,
            "p(90)": 0,
            "p(95)": 0
        },
        "data_received": {
            "count": 1937460,
            "rate": 64111.081878427896
        },
        "data_sent": {
            "count": 1134798,
            "rate": 37550.77652879348
        },
        "vus_max": {
            "value": 100,
            "min": 100,
            "max": 100
        },
        "http_req_waiting": {
            "avg": 16.567251557193455,
            "min": 6.3702,
            "med": 15.347,
            "max": 106.5724,
            "p(90)": 22.48512,
            "p(95)": 25.92334999999997
        },
        "http_req_tls_handshaking": {
            "min": 0,
            "med": 0,
            "max": 0,
            "p(90)": 0,
            "p(95)": 0,
            "avg": 0
        },
        "http_req_duration{expected_response:true}": {
            "avg": 16.851388568538216,
            "min": 6.5418,
            "med": 15.6294,
            "max": 106.5724,
            "p(90)": 22.803780000000003,
            "p(95)": 26.272689999999997
        }
    },
    "root_group": {
        "name": "",
        "path": "",
        "id": "d41d8cd98f00b204e9800998ecf8427e",
        "groups": {},
        "checks": {}
    }
}