{
    "metrics": {
        "http_req_duration{expected_response:true}": {
            "avg": 15.78416877069232,
            "min": 6.3364,
            "med": 14.387599999999999,
            "max": 74.2712,
            "p(90)": 22.48799,
            "p(95)": 25.742264999999996
        },
        "vus_max": {
            "value": 200,
            "min": 200,
            "max": 200
        },
        "http_req_duration": {
            "med": 14.3871,
            "max": 74.2712,
            "p(90)": 22.48793,
            "p(95)": 25.742054999999997,
            "avg": 15.783032810363375,
            "min": 0
        },
        "http_req_tls_handshaking": {
            "avg": 0,
            "min": 0,
            "med": 0,
            "max": 0,
            "p(90)": 0,
            "p(95)": 0
        },
        "vus": {
            "value": 200,
            "min": 200,
            "max": 200
        },
        "data_sent": {
            "count": 2278616,
            "rate": 75408.1369739444
        },
        "http_req_connecting": {
            "p(95)": 0,
            "avg": 0.20868343648794538,
            "min": 0,
            "med": 0,
            "max": 42.8157,
            "p(90)": 0
        },
        "http_req_blocked": {
            "med": 0,
            "max": 42.8157,
            "p(90)": 0,
            "p(95)": 0,
            "avg": 0.21106389348686586,
            "min": 0
        },
        "http_req_sending": {
            "avg": 0.006009881252249005,
            "min": 0,
            "med": 0,
            "max": 5.1998,
            "p(90)": 0,
            "p(95)": 0
        },
        "http_req_waiting": {
            "max": 73.7416,
            "p(90)": 22.262690000000003,
            "p(95)": 25.540475,
            "avg": 15.530240845627837,
            "min": 0,
            "med": 14.16985
        },
        "http_req_failed": {
            "passes": 2,
            "fails": 27788,
            "value": 0.00007196833393306946
        },
        "iteration_duration": {
            "p(95)": 226.18543,
            "avg": 216.3653003346505,
            "min": 202.21,
            "med": 214.77375,
            "max": 305.0245,
            "p(90)": 222.89628000000002
        },
        "data_received": {
            "count": 3890320,
            "rate": 128745.5997116124
        },
        "iterations": {
            "count": 27790,
            "rate": 919.677614177165
        },
        "http_reqs": {
            "count": 27790,
            "rate": 919.677614177165
        },
        "http_req_receiving": {
            "avg": 0.24678208348326866,
            "min": 0,
            "med": 0,
            "max": 15.6233,
            "p(90)": 0.5788100000000002,
            "p(95)": 0.7389549999999999
        }
    },
    "root_group": {
        "name": "",
        "path": "",
        "id": "d41d8cd98f00b204e9800998ecf8427e",
        "groups": {},
        "checks": {}
    }
}