{
    "root_group": {
        "name": "",
        "path": "",
        "id": "d41d8cd98f00b204e9800998ecf8427e",
        "groups": {},
        "checks": {}
    },
    "metrics": {
        "http_reqs": {
            "count": 6902,
            "rate": 228.4303507735361
        },
        "http_req_connecting": {
            "med": 0,
            "max": 119.6609,
            "p(90)": 0,
            "p(95)": 0,
            "avg": 0.14373058533758332,
            "min": 0
        },
        "http_req_sending": {
            "avg": 0.0025942915097073305,
            "min": 0,
            "med": 0,
            "max": 2.7733,
            "p(90)": 0,
            "p(95)": 0
        },
        "http_req_failed": {
            "passes": 0,
            "fails": 6902,
            "value": 0
        },
        "vus": {
            "value": 50,
            "min": 50,
            "max": 50
        },
        "http_req_duration{expected_response:true}": {
            "avg": 17.581890828745273,
            "min": 6.8696,
            "med": 15.9129,
            "max": 74.5018,
            "p(90)": 25.43499,
            "p(95)": 29.837539999999997
        },
        "data_sent": {
            "count": 565964,
            "rate": 18731.28876342996
        },
        "iteration_duration": {
            "max": 376.884,
            "p(90)": 225.99058000000002,
            "p(95)": 230.40479,
            "avg": 218.10960918574415,
            "min": 207.13,
            "med": 216.27544999999998
        },
        "http_req_duration": {
            "p(90)": 25.43499,
            "p(95)": 29.837539999999997,
            "avg": 17.581890828745273,
            "min": 6.8696,
            "med": 15.9129,
            "max": 74.5018
        },
        "http_req_blocked": {
            "p(90)": 0,
            "p(95)": 0,
            "avg": 0.14566180817154448,
            "min": 0,
            "med": 0,
            "max": 119.6609
        },
        "http_req_receiving": {
            "avg": 0.30555042016806766,
            "min": 0,
            "med": 0.0958,
            "max": 16.7255,
            "p(90)": 0.6397,
            "p(95)": 0.8525649999999999
        },
        "vus_max": {
            "value": 50,
            "min": 50,
            "max": 50
        },
        "http_req_tls_handshaking": {
            "avg": 0,
            "min": 0,
            "med": 0,
            "max": 0,
            "p(90)": 0,
            "p(95)": 0
        },
        "http_req_waiting": {
            "med": 15.63425,
            "max": 73.9751,
            "p(90)": 25.00903000000001,
            "p(95)": 29.484479999999998,
            "avg": 17.273746117067493,
            "min": 6.858
        },
        "iterations": {
            "count": 6902,
            "rate": 228.4303507735361
        },
        "data_received": {
            "count": 966280,
            "rate": 31980.24910829505
        }
    }
}